{
    "name": "Armada",
    "vendorId": "0xFEED",
    "productId": "0x0000",
    "lighting": "qmk_rgblight",
    "matrix": {
        "rows": 12,
        "cols": 15
    },
    "layouts": {
        "keymap":
[
  [
    "5,0",
    {
      "x": 2.220446049250313e-16
    },
    "5,1",
    {
      "x": 0.24999999999999956
    },
    "5,2",
    {
      "x": 0.666666666666667
    },
    "5,3",
    {
      "x": 8.881784197001252e-16
    },
    "5,4",
    "5,5",
    "5,6",
    {
      "x": 0.6666666666666652
    },
    "5,7",
    "5,8",
    {
      "x": 1.8333333333333304
    },
    "11,0",
    {
      "x": 5.329070518200751e-15
    },
    "11,1",
    {
      "x": -1.7763568394002505e-15
    },
    "11,2",
    "11,3",
    {
      "x": 0.6666666666666679
    },
    "11,4",
    "11,5",
    {
      "x": 3.552713678800501e-15
    },
    "11,6",
    "11,7",
    {
      "x": 0.12499999999999645
    },
    "11,8",
    {
      "x": 3.552713678800501e-15
    },
    "11,9",
    "11,10",
    {
      "x": 0.25
    },
    "11,11",
    {
      "x": -3.552713678800501e-15
    },
    "11,12",
    {
      "x": -3.552713678800501e-15
    },
    "11,13",
    "11,14"
  ],
  [
    {
      "y": 0.25000000000000067
    },
    "4,0",
    {
      "x": 2.220446049250313e-16
    },
    "4,1",
    {
      "x": 0.24999999999999956
    },
    "4,2",
    "4,3",
    "4,4",
    "4,5",
    "4,6",
    "4,7",
    "4,8",
    "4,9",
    {
      "x": 2.833333333333332
    },
    "10,1",
    {
      "x": 1.7763568394002505e-15
    },
    "10,2",
    "10,3",
    "10,4",
    "10,5",
    {
      "x": -3.552713678800501e-15
    },
    "10,6",
    {
      "x": 3.552713678800501e-15,
      "w": 2
    },
    "10,7",
    {
      "x": 0.12500000000000355
    },
    "10,8",
    {
      "x": -3.552713678800501e-15
    },
    "10,9",
    "10,10",
    {
      "x": 0.25
    },
    "10,11",
    {
      "x": -3.552713678800501e-15
    },
    "10,12",
    {
      "x": 3.552713678800501e-15
    },
    "10,13",
    "10,14"
  ],
  [
    {
      "y": -1,
      "x": 12.083333333333334
    },
    "10,0"
  ],
  [
    {
      "y": -4.440892098500626e-16
    },
    "3,0",
    {
      "x": 2.220446049250313e-16
    },
    "3,1",
    {
      "x": 0.25,
      "w": 1.5
    },
    "3,2",
    "3,3",
    "3,4",
    "3,5",
    "3,6",
    {
      "x": 8.881784197001252e-16
    },
    "3,7",
    {
      "x": 1.7763568394002505e-15
    },
    "3,8",
    {
      "x": 1.8333333333333304
    },
    "8,0",
    {
      "x": 1.7763568394002505e-15
    },
    "9,0",
    {
      "x": 1.7763568394002505e-15
    },
    "9,1",
    "9,2",
    {
      "x": -1.7763568394002505e-15
    },
    "9,3",
    {
      "x": -3.552713678800501e-15
    },
    "9,4",
    {
      "x": 3.552713678800501e-15
    },
    "9,5",
    "9,6",
    {
      "x": -3.552713678800501e-15,
      "w": 1.5
    },
    "9,7",
    {
      "x": 0.1250000000000071
    },
    "9,8",
    {
      "x": -3.552713678800501e-15
    },
    "9,9",
    "9,10",
    {
      "x": 0.25
    },
    "9,11",
    {
      "x": -3.552713678800501e-15
    },
    "9,12",
    {
      "x": 3.552713678800501e-15
    },
    "9,13"
  ],
  [
    "2,0",
    {
      "x": 2.220446049250313e-16
    },
    "2,1",
    {
      "x": 0.25,
      "w": 1.75
    },
    "2,2",
    "2,4",
    "2,5",
    "2,6",
    {
      "x": 8.881784197001252e-16
    },
    "2,7",
    "2,8",
    "2,9",
    {
      "x": 1.8333333333333321
    },
    "7,0",
    "8,1",
    {
      "x": 1.7763568394002505e-15
    },
    "8,2",
    {
      "x": 1.7763568394002505e-15
    },
    "8,3",
    "8,4",
    {
      "x": -3.552713678800501e-15
    },
    "8,5",
    "8,6",
    {
      "x": 3.552713678800501e-15,
      "w": 2.25
    },
    "8,7",
    {
      "x": 3.375
    },
    "8,11",
    {
      "x": 3.552713678800501e-15
    },
    "8,12",
    {
      "x": -3.552713678800501e-15
    },
    "8,13"
  ],
  [
    "1,0",
    {
      "x": 2.220446049250313e-16
    },
    "1,1",
    {
      "x": 0.24999999999999956,
      "w": 2.25
    },
    "1,3",
    {
      "x": -8.881784197001252e-16
    },
    "1,4",
    {
      "x": 8.881784197001252e-16
    },
    "1,5",
    "1,6",
    {
      "x": 8.881784197001252e-16
    },
    "1,7",
    "1,8",
    "1,9",
    {
      "x": 1.8333333333333304
    },
    "7,1",
    {
      "x": 5.329070518200751e-15
    },
    "7,2",
    {
      "x": -1.7763568394002505e-15
    },
    "7,3",
    "7,4",
    "7,5",
    "7,6",
    {
      "x": -3.552713678800501e-15,
      "w": 2.75
    },
    "7,7",
    {
      "x": 1.1250000000000036
    },
    "7,9",
    {
      "x": 1.25
    },
    "7,11",
    {
      "x": -3.552713678800501e-15
    },
    "7,12",
    {
      "x": 3.552713678800501e-15
    },
    "7,13",
    {
      "h": 2
    },
    "7,14"
  ],
  [
    {
      "y": 8.881784197001252e-16
    },
    "0,0",
    {
      "x": 2.220446049250313e-16
    },
    "0,1",
    {
      "x": 0.25,
      "w": 1.25
    },
    "0,2",
    {
      "w": 1.25
    },
    "0,3",
    {
      "w": 1.25
    },
    "0,5",
    {
      "x": 8.881784197001252e-16,
      "w": 4
    },
    "0,8",
    {
      "x": 1.833333333333334,
      "w": 4.25
    },
    "6,2",
    {
      "x": -3.552713678800501e-15,
      "w": 1.25
    },
    "6,4",
    {
      "w": 1.25
    },
    "6,5",
    {
      "w": 1.25
    },
    "6,6",
    {
      "w": 1.25
    },
    "6,7",
    {
      "x": 0.1250000000000071
    },
    "6,8",
    {
      "x": -3.552713678800501e-15
    },
    "6,9",
    "6,10",
    {
      "x": 0.25000000000000355,
      "w": 2
    },
    "6,11",
    {
      "x": -3.552713678800501e-15
    },
    "6,13"
  ],
  [
    {
      "rx": 28,
      "ry": 3.25,
      "y": -1,
      "x": -0.5416666666666643,
      "h": 2
    },
    "9,14"
  ]
]
    }
}
